"","title","geo_accession","status","submission_date","last_update_date","type","channel_count","source_name_ch1","organism_ch1","characteristics_ch1","treatment_protocol_ch1","growth_protocol_ch1","molecule_ch1","extract_protocol_ch1","label_ch1","label_protocol_ch1","taxid_ch1","hyb_protocol","scan_protocol","description","data_processing","data_processing.1","data_processing.2","platform_id","contact_name","contact_institute","contact_address","contact_city","contact_zip/postal_code","contact_country","supplementary_file","data_row_count","disease state:ch1"
"GSM616583","Normal oral tissue_052CN","GSM616583","Public on Sep 01 2011","Nov 03 2010","Sep 01 2011","RNA","1","Normal oral tissue","Homo sapiens","disease state: normal","OSCC tissues were surgical dissected and immediately froze in liquid nitrogen until use","None","total RNA","Total RNA was isolated from tissue using the Qiagen RNeasy Mini Kit (Qiagen, Germantown, MD, USA) according to the manufacturer’s protocol.","biotin","As per manufacturer (Affymetrix)","9606","As per manufacturer (Affymetrix)","Affymetrix Gene ChIP Scanner 3000","normal person","Data were processed using Partek software. Gene level expression were summarized from the corrected intensities and then quantile normalized.","probe group file: HuEx-1_0-st-v2.r2.pgf","meta-probeset file: HuEx-1_0-st-v2.r2.dt1.hg18.core.mps","GPL5175","Chien-Hua,,Peng","Chang Gung Memorial Hospital ","No. 5, Fu-Hsing ST.","Taoyuan","33305","Taiwan","ftp://ftp.ncbi.nlm.nih.gov/geo/samples/GSM616nnn/GSM616583/suppl/GSM616583.CEL.gz","17881","normal"
"GSM616584","Normal oral tissue_47N","GSM616584","Public on Sep 01 2011","Nov 03 2010","Sep 01 2011","RNA","1","Normal oral tissue","Homo sapiens","disease state: normal","OSCC tissues were surgical dissected and immediately froze in liquid nitrogen until use","None","total RNA","Total RNA was isolated from tissue using the Qiagen RNeasy Mini Kit (Qiagen, Germantown, MD, USA) according to the manufacturer’s protocol.","biotin","As per manufacturer (Affymetrix)","9606","As per manufacturer (Affymetrix)","Affymetrix Gene ChIP Scanner 3000","normal person","Data were processed using Partek software. Gene level expression were summarized from the corrected intensities and then quantile normalized.","probe group file: HuEx-1_0-st-v2.r2.pgf","meta-probeset file: HuEx-1_0-st-v2.r2.dt1.hg18.core.mps","GPL5175","Chien-Hua,,Peng","Chang Gung Memorial Hospital ","No. 5, Fu-Hsing ST.","Taoyuan","33305","Taiwan","ftp://ftp.ncbi.nlm.nih.gov/geo/samples/GSM616nnn/GSM616584/suppl/GSM616584.CEL.gz","17881","normal"
"GSM616585","Normal oral tissue_50N","GSM616585","Public on Sep 01 2011","Nov 03 2010","Sep 01 2011","RNA","1","Normal oral tissue","Homo sapiens","disease state: normal","OSCC tissues were surgical dissected and immediately froze in liquid nitrogen until use","None","total RNA","Total RNA was isolated from tissue using the Qiagen RNeasy Mini Kit (Qiagen, Germantown, MD, USA) according to the manufacturer’s protocol.","biotin","As per manufacturer (Affymetrix)","9606","As per manufacturer (Affymetrix)","Affymetrix Gene ChIP Scanner 3000","normal person","Data were processed using Partek software. Gene level expression were summarized from the corrected intensities and then quantile normalized.","probe group file: HuEx-1_0-st-v2.r2.pgf","meta-probeset file: HuEx-1_0-st-v2.r2.dt1.hg18.core.mps","GPL5175","Chien-Hua,,Peng","Chang Gung Memorial Hospital ","No. 5, Fu-Hsing ST.","Taoyuan","33305","Taiwan","ftp://ftp.ncbi.nlm.nih.gov/geo/samples/GSM616nnn/GSM616585/suppl/GSM616585.CEL.gz","17881","normal"
"GSM616586","Normal oral tissue_56N","GSM616586","Public on Sep 01 2011","Nov 03 2010","Sep 01 2011","RNA","1","Normal oral tissue","Homo sapiens","disease state: normal","OSCC tissues were surgical dissected and immediately froze in liquid nitrogen until use","None","total RNA","Total RNA was isolated from tissue using the Qiagen RNeasy Mini Kit (Qiagen, Germantown, MD, USA) according to the manufacturer’s protocol.","biotin","As per manufacturer (Affymetrix)","9606","As per manufacturer (Affymetrix)","Affymetrix Gene ChIP Scanner 3000","normal person","Data were processed using Partek software. Gene level expression were summarized from the corrected intensities and then quantile normalized.","probe group file: HuEx-1_0-st-v2.r2.pgf","meta-probeset file: HuEx-1_0-st-v2.r2.dt1.hg18.core.mps","GPL5175","Chien-Hua,,Peng","Chang Gung Memorial Hospital ","No. 5, Fu-Hsing ST.","Taoyuan","33305","Taiwan","ftp://ftp.ncbi.nlm.nih.gov/geo/samples/GSM616nnn/GSM616586/suppl/GSM616586.CEL.gz","17881","normal"
"GSM616587","Normal oral tissue_57N","GSM616587","Public on Sep 01 2011","Nov 03 2010","Sep 01 2011","RNA","1","Normal oral tissue","Homo sapiens","disease state: normal","OSCC tissues were surgical dissected and immediately froze in liquid nitrogen until use","None","total RNA","Total RNA was isolated from tissue using the Qiagen RNeasy Mini Kit (Qiagen, Germantown, MD, USA) according to the manufacturer’s protocol.","biotin","As per manufacturer (Affymetrix)","9606","As per manufacturer (Affymetrix)","Affymetrix Gene ChIP Scanner 3000","normal person","Data were processed using Partek software. Gene level expression were summarized from the corrected intensities and then quantile normalized.","probe group file: HuEx-1_0-st-v2.r2.pgf","meta-probeset file: HuEx-1_0-st-v2.r2.dt1.hg18.core.mps","GPL5175","Chien-Hua,,Peng","Chang Gung Memorial Hospital ","No. 5, Fu-Hsing ST.","Taoyuan","33305","Taiwan","ftp://ftp.ncbi.nlm.nih.gov/geo/samples/GSM616nnn/GSM616587/suppl/GSM616587.CEL.gz","17881","normal"
"GSM616588","Normal oral tissue_58N","GSM616588","Public on Sep 01 2011","Nov 03 2010","Sep 01 2011","RNA","1","Normal oral tissue","Homo sapiens","disease state: normal","OSCC tissues were surgical dissected and immediately froze in liquid nitrogen until use","None","total RNA","Total RNA was isolated from tissue using the Qiagen RNeasy Mini Kit (Qiagen, Germantown, MD, USA) according to the manufacturer’s protocol.","biotin","As per manufacturer (Affymetrix)","9606","As per manufacturer (Affymetrix)","Affymetrix Gene ChIP Scanner 3000","normal person","Data were processed using Partek software. Gene level expression were summarized from the corrected intensities and then quantile normalized.","probe group file: HuEx-1_0-st-v2.r2.pgf","meta-probeset file: HuEx-1_0-st-v2.r2.dt1.hg18.core.mps","GPL5175","Chien-Hua,,Peng","Chang Gung Memorial Hospital ","No. 5, Fu-Hsing ST.","Taoyuan","33305","Taiwan","ftp://ftp.ncbi.nlm.nih.gov/geo/samples/GSM616nnn/GSM616588/suppl/GSM616588.CEL.gz","17881","normal"
"GSM616589","Normal oral tissue_63N","GSM616589","Public on Sep 01 2011","Nov 03 2010","Sep 01 2011","RNA","1","Normal oral tissue","Homo sapiens","disease state: normal","OSCC tissues were surgical dissected and immediately froze in liquid nitrogen until use","None","total RNA","Total RNA was isolated from tissue using the Qiagen RNeasy Mini Kit (Qiagen, Germantown, MD, USA) according to the manufacturer’s protocol.","biotin","As per manufacturer (Affymetrix)","9606","As per manufacturer (Affymetrix)","Affymetrix Gene ChIP Scanner 3000","normal person","Data were processed using Partek software. Gene level expression were summarized from the corrected intensities and then quantile normalized.","probe group file: HuEx-1_0-st-v2.r2.pgf","meta-probeset file: HuEx-1_0-st-v2.r2.dt1.hg18.core.mps","GPL5175","Chien-Hua,,Peng","Chang Gung Memorial Hospital ","No. 5, Fu-Hsing ST.","Taoyuan","33305","Taiwan","ftp://ftp.ncbi.nlm.nih.gov/geo/samples/GSM616nnn/GSM616589/suppl/GSM616589.CEL.gz","17881","normal"
"GSM616590","Normal oral tissue_65N","GSM616590","Public on Sep 01 2011","Nov 03 2010","Sep 01 2011","RNA","1","Normal oral tissue","Homo sapiens","disease state: normal","OSCC tissues were surgical dissected and immediately froze in liquid nitrogen until use","None","total RNA","Total RNA was isolated from tissue using the Qiagen RNeasy Mini Kit (Qiagen, Germantown, MD, USA) according to the manufacturer’s protocol.","biotin","As per manufacturer (Affymetrix)","9606","As per manufacturer (Affymetrix)","Affymetrix Gene ChIP Scanner 3000","normal person","Data were processed using Partek software. Gene level expression were summarized from the corrected intensities and then quantile normalized.","probe group file: HuEx-1_0-st-v2.r2.pgf","meta-probeset file: HuEx-1_0-st-v2.r2.dt1.hg18.core.mps","GPL5175","Chien-Hua,,Peng","Chang Gung Memorial Hospital ","No. 5, Fu-Hsing ST.","Taoyuan","33305","Taiwan","ftp://ftp.ncbi.nlm.nih.gov/geo/samples/GSM616nnn/GSM616590/suppl/GSM616590.CEL.gz","17881","normal"
"GSM616591","Normal oral tissue_66N","GSM616591","Public on Sep 01 2011","Nov 03 2010","Sep 01 2011","RNA","1","Normal oral tissue","Homo sapiens","disease state: normal","OSCC tissues were surgical dissected and immediately froze in liquid nitrogen until use","None","total RNA","Total RNA was isolated from tissue using the Qiagen RNeasy Mini Kit (Qiagen, Germantown, MD, USA) according to the manufacturer’s protocol.","biotin","As per manufacturer (Affymetrix)","9606","As per manufacturer (Affymetrix)","Affymetrix Gene ChIP Scanner 3000","normal person","Data were processed using Partek software. Gene level expression were summarized from the corrected intensities and then quantile normalized.","probe group file: HuEx-1_0-st-v2.r2.pgf","meta-probeset file: HuEx-1_0-st-v2.r2.dt1.hg18.core.mps","GPL5175","Chien-Hua,,Peng","Chang Gung Memorial Hospital ","No. 5, Fu-Hsing ST.","Taoyuan","33305","Taiwan","ftp://ftp.ncbi.nlm.nih.gov/geo/samples/GSM616nnn/GSM616591/suppl/GSM616591.CEL.gz","17881","normal"
"GSM616592","Normal oral tissue_68N","GSM616592","Public on Sep 01 2011","Nov 03 2010","Sep 01 2011","RNA","1","Normal oral tissue","Homo sapiens","disease state: normal","OSCC tissues were surgical dissected and immediately froze in liquid nitrogen until use","None","total RNA","Total RNA was isolated from tissue using the Qiagen RNeasy Mini Kit (Qiagen, Germantown, MD, USA) according to the manufacturer’s protocol.","biotin","As per manufacturer (Affymetrix)","9606","As per manufacturer (Affymetrix)","Affymetrix Gene ChIP Scanner 3000","normal person","Data were processed using Partek software. Gene level expression were summarized from the corrected intensities and then quantile normalized.","probe group file: HuEx-1_0-st-v2.r2.pgf","meta-probeset file: HuEx-1_0-st-v2.r2.dt1.hg18.core.mps","GPL5175","Chien-Hua,,Peng","Chang Gung Memorial Hospital ","No. 5, Fu-Hsing ST.","Taoyuan","33305","Taiwan","ftp://ftp.ncbi.nlm.nih.gov/geo/samples/GSM616nnn/GSM616592/suppl/GSM616592.CEL.gz","17881","normal"
"GSM616593","Normal oral tissue_72N","GSM616593","Public on Sep 01 2011","Nov 03 2010","Sep 01 2011","RNA","1","Normal oral tissue","Homo sapiens","disease state: normal","OSCC tissues were surgical dissected and immediately froze in liquid nitrogen until use","None","total RNA","Total RNA was isolated from tissue using the Qiagen RNeasy Mini Kit (Qiagen, Germantown, MD, USA) according to the manufacturer’s protocol.","biotin","As per manufacturer (Affymetrix)","9606","As per manufacturer (Affymetrix)","Affymetrix Gene ChIP Scanner 3000","normal person","Data were processed using Partek software. Gene level expression were summarized from the corrected intensities and then quantile normalized.","probe group file: HuEx-1_0-st-v2.r2.pgf","meta-probeset file: HuEx-1_0-st-v2.r2.dt1.hg18.core.mps","GPL5175","Chien-Hua,,Peng","Chang Gung Memorial Hospital ","No. 5, Fu-Hsing ST.","Taoyuan","33305","Taiwan","ftp://ftp.ncbi.nlm.nih.gov/geo/samples/GSM616nnn/GSM616593/suppl/GSM616593.CEL.gz","17881","normal"
"GSM616594","Normal oral tissue_77N","GSM616594","Public on Sep 01 2011","Nov 03 2010","Sep 01 2011","RNA","1","Normal oral tissue","Homo sapiens","disease state: normal","OSCC tissues were surgical dissected and immediately froze in liquid nitrogen until use","None","total RNA","Total RNA was isolated from tissue using the Qiagen RNeasy Mini Kit (Qiagen, Germantown, MD, USA) according to the manufacturer’s protocol.","biotin","As per manufacturer (Affymetrix)","9606","As per manufacturer (Affymetrix)","Affymetrix Gene ChIP Scanner 3000","normal person","Data were processed using Partek software. Gene level expression were summarized from the corrected intensities and then quantile normalized.","probe group file: HuEx-1_0-st-v2.r2.pgf","meta-probeset file: HuEx-1_0-st-v2.r2.dt1.hg18.core.mps","GPL5175","Chien-Hua,,Peng","Chang Gung Memorial Hospital ","No. 5, Fu-Hsing ST.","Taoyuan","33305","Taiwan","ftp://ftp.ncbi.nlm.nih.gov/geo/samples/GSM616nnn/GSM616594/suppl/GSM616594.CEL.gz","17881","normal"
"GSM616595","Normal oral tissue_78N","GSM616595","Public on Sep 01 2011","Nov 03 2010","Sep 01 2011","RNA","1","Normal oral tissue","Homo sapiens","disease state: normal","OSCC tissues were surgical dissected and immediately froze in liquid nitrogen until use","None","total RNA","Total RNA was isolated from tissue using the Qiagen RNeasy Mini Kit (Qiagen, Germantown, MD, USA) according to the manufacturer’s protocol.","biotin","As per manufacturer (Affymetrix)","9606","As per manufacturer (Affymetrix)","Affymetrix Gene ChIP Scanner 3000","normal person","Data were processed using Partek software. Gene level expression were summarized from the corrected intensities and then quantile normalized.","probe group file: HuEx-1_0-st-v2.r2.pgf","meta-probeset file: HuEx-1_0-st-v2.r2.dt1.hg18.core.mps","GPL5175","Chien-Hua,,Peng","Chang Gung Memorial Hospital ","No. 5, Fu-Hsing ST.","Taoyuan","33305","Taiwan","ftp://ftp.ncbi.nlm.nih.gov/geo/samples/GSM616nnn/GSM616595/suppl/GSM616595.CEL.gz","17881","normal"
"GSM616596","Normal oral tissue_79N","GSM616596","Public on Sep 01 2011","Nov 03 2010","Sep 01 2011","RNA","1","Normal oral tissue","Homo sapiens","disease state: normal","OSCC tissues were surgical dissected and immediately froze in liquid nitrogen until use","None","total RNA","Total RNA was isolated from tissue using the Qiagen RNeasy Mini Kit (Qiagen, Germantown, MD, USA) according to the manufacturer’s protocol.","biotin","As per manufacturer (Affymetrix)","9606","As per manufacturer (Affymetrix)","Affymetrix Gene ChIP Scanner 3000","normal person","Data were processed using Partek software. Gene level expression were summarized from the corrected intensities and then quantile normalized.","probe group file: HuEx-1_0-st-v2.r2.pgf","meta-probeset file: HuEx-1_0-st-v2.r2.dt1.hg18.core.mps","GPL5175","Chien-Hua,,Peng","Chang Gung Memorial Hospital ","No. 5, Fu-Hsing ST.","Taoyuan","33305","Taiwan","ftp://ftp.ncbi.nlm.nih.gov/geo/samples/GSM616nnn/GSM616596/suppl/GSM616596.CEL.gz","17881","normal"
"GSM616597","Normal oral tissue_80N","GSM616597","Public on Sep 01 2011","Nov 03 2010","Sep 01 2011","RNA","1","Normal oral tissue","Homo sapiens","disease state: normal","OSCC tissues were surgical dissected and immediately froze in liquid nitrogen until use","None","total RNA","Total RNA was isolated from tissue using the Qiagen RNeasy Mini Kit (Qiagen, Germantown, MD, USA) according to the manufacturer’s protocol.","biotin","As per manufacturer (Affymetrix)","9606","As per manufacturer (Affymetrix)","Affymetrix Gene ChIP Scanner 3000","normal person","Data were processed using Partek software. Gene level expression were summarized from the corrected intensities and then quantile normalized.","probe group file: HuEx-1_0-st-v2.r2.pgf","meta-probeset file: HuEx-1_0-st-v2.r2.dt1.hg18.core.mps","GPL5175","Chien-Hua,,Peng","Chang Gung Memorial Hospital ","No. 5, Fu-Hsing ST.","Taoyuan","33305","Taiwan","ftp://ftp.ncbi.nlm.nih.gov/geo/samples/GSM616nnn/GSM616597/suppl/GSM616597.CEL.gz","17881","normal"
"GSM616598","Normal oral tissue_81N","GSM616598","Public on Sep 01 2011","Nov 03 2010","Sep 01 2011","RNA","1","Normal oral tissue","Homo sapiens","disease state: normal","OSCC tissues were surgical dissected and immediately froze in liquid nitrogen until use","None","total RNA","Total RNA was isolated from tissue using the Qiagen RNeasy Mini Kit (Qiagen, Germantown, MD, USA) according to the manufacturer’s protocol.","biotin","As per manufacturer (Affymetrix)","9606","As per manufacturer (Affymetrix)","Affymetrix Gene ChIP Scanner 3000","normal person","Data were processed using Partek software. Gene level expression were summarized from the corrected intensities and then quantile normalized.","probe group file: HuEx-1_0-st-v2.r2.pgf","meta-probeset file: HuEx-1_0-st-v2.r2.dt1.hg18.core.mps","GPL5175","Chien-Hua,,Peng","Chang Gung Memorial Hospital ","No. 5, Fu-Hsing ST.","Taoyuan","33305","Taiwan","ftp://ftp.ncbi.nlm.nih.gov/geo/samples/GSM616nnn/GSM616598/suppl/GSM616598.CEL.gz","17881","normal"
"GSM616599","Normal oral tissue_82N","GSM616599","Public on Sep 01 2011","Nov 03 2010","Sep 01 2011","RNA","1","Normal oral tissue","Homo sapiens","disease state: normal","OSCC tissues were surgical dissected and immediately froze in liquid nitrogen until use","None","total RNA","Total RNA was isolated from tissue using the Qiagen RNeasy Mini Kit (Qiagen, Germantown, MD, USA) according to the manufacturer’s protocol.","biotin","As per manufacturer (Affymetrix)","9606","As per manufacturer (Affymetrix)","Affymetrix Gene ChIP Scanner 3000","normal person","Data were processed using Partek software. Gene level expression were summarized from the corrected intensities and then quantile normalized.","probe group file: HuEx-1_0-st-v2.r2.pgf","meta-probeset file: HuEx-1_0-st-v2.r2.dt1.hg18.core.mps","GPL5175","Chien-Hua,,Peng","Chang Gung Memorial Hospital ","No. 5, Fu-Hsing ST.","Taoyuan","33305","Taiwan","ftp://ftp.ncbi.nlm.nih.gov/geo/samples/GSM616nnn/GSM616599/suppl/GSM616599.CEL.gz","17881","normal"
"GSM616600","Normal oral tissue_83N","GSM616600","Public on Sep 01 2011","Nov 03 2010","Sep 01 2011","RNA","1","Normal oral tissue","Homo sapiens","disease state: normal","OSCC tissues were surgical dissected and immediately froze in liquid nitrogen until use","None","total RNA","Total RNA was isolated from tissue using the Qiagen RNeasy Mini Kit (Qiagen, Germantown, MD, USA) according to the manufacturer’s protocol.","biotin","As per manufacturer (Affymetrix)","9606","As per manufacturer (Affymetrix)","Affymetrix Gene ChIP Scanner 3000","normal person","Data were processed using Partek software. Gene level expression were summarized from the corrected intensities and then quantile normalized.","probe group file: HuEx-1_0-st-v2.r2.pgf","meta-probeset file: HuEx-1_0-st-v2.r2.dt1.hg18.core.mps","GPL5175","Chien-Hua,,Peng","Chang Gung Memorial Hospital ","No. 5, Fu-Hsing ST.","Taoyuan","33305","Taiwan","ftp://ftp.ncbi.nlm.nih.gov/geo/samples/GSM616nnn/GSM616600/suppl/GSM616600.CEL.gz","17881","normal"
"GSM616601","Normal oral tissue_84N","GSM616601","Public on Sep 01 2011","Nov 03 2010","Sep 01 2011","RNA","1","Normal oral tissue","Homo sapiens","disease state: normal","OSCC tissues were surgical dissected and immediately froze in liquid nitrogen until use","None","total RNA","Total RNA was isolated from tissue using the Qiagen RNeasy Mini Kit (Qiagen, Germantown, MD, USA) according to the manufacturer’s protocol.","biotin","As per manufacturer (Affymetrix)","9606","As per manufacturer (Affymetrix)","Affymetrix Gene ChIP Scanner 3000","normal person","Data were processed using Partek software. Gene level expression were summarized from the corrected intensities and then quantile normalized.","probe group file: HuEx-1_0-st-v2.r2.pgf","meta-probeset file: HuEx-1_0-st-v2.r2.dt1.hg18.core.mps","GPL5175","Chien-Hua,,Peng","Chang Gung Memorial Hospital ","No. 5, Fu-Hsing ST.","Taoyuan","33305","Taiwan","ftp://ftp.ncbi.nlm.nih.gov/geo/samples/GSM616nnn/GSM616601/suppl/GSM616601.CEL.gz","17881","normal"
"GSM616602","Normal oral tissue_85N","GSM616602","Public on Sep 01 2011","Nov 03 2010","Sep 01 2011","RNA","1","Normal oral tissue","Homo sapiens","disease state: normal","OSCC tissues were surgical dissected and immediately froze in liquid nitrogen until use","None","total RNA","Total RNA was isolated from tissue using the Qiagen RNeasy Mini Kit (Qiagen, Germantown, MD, USA) according to the manufacturer’s protocol.","biotin","As per manufacturer (Affymetrix)","9606","As per manufacturer (Affymetrix)","Affymetrix Gene ChIP Scanner 3000","normal person","Data were processed using Partek software. Gene level expression were summarized from the corrected intensities and then quantile normalized.","probe group file: HuEx-1_0-st-v2.r2.pgf","meta-probeset file: HuEx-1_0-st-v2.r2.dt1.hg18.core.mps","GPL5175","Chien-Hua,,Peng","Chang Gung Memorial Hospital ","No. 5, Fu-Hsing ST.","Taoyuan","33305","Taiwan","ftp://ftp.ncbi.nlm.nih.gov/geo/samples/GSM616nnn/GSM616602/suppl/GSM616602.CEL.gz","17881","normal"
"GSM616603","Normal oral tissue_88N","GSM616603","Public on Sep 01 2011","Nov 03 2010","Sep 01 2011","RNA","1","Normal oral tissue","Homo sapiens","disease state: normal","OSCC tissues were surgical dissected and immediately froze in liquid nitrogen until use","None","total RNA","Total RNA was isolated from tissue using the Qiagen RNeasy Mini Kit (Qiagen, Germantown, MD, USA) according to the manufacturer’s protocol.","biotin","As per manufacturer (Affymetrix)","9606","As per manufacturer (Affymetrix)","Affymetrix Gene ChIP Scanner 3000","normal person","Data were processed using Partek software. Gene level expression were summarized from the corrected intensities and then quantile normalized.","probe group file: HuEx-1_0-st-v2.r2.pgf","meta-probeset file: HuEx-1_0-st-v2.r2.dt1.hg18.core.mps","GPL5175","Chien-Hua,,Peng","Chang Gung Memorial Hospital ","No. 5, Fu-Hsing ST.","Taoyuan","33305","Taiwan","ftp://ftp.ncbi.nlm.nih.gov/geo/samples/GSM616nnn/GSM616603/suppl/GSM616603.CEL.gz","17881","normal"
"GSM616604","Normal oral tissue_89N","GSM616604","Public on Sep 01 2011","Nov 03 2010","Sep 01 2011","RNA","1","Normal oral tissue","Homo sapiens","disease state: normal","OSCC tissues were surgical dissected and immediately froze in liquid nitrogen until use","None","total RNA","Total RNA was isolated from tissue using the Qiagen RNeasy Mini Kit (Qiagen, Germantown, MD, USA) according to the manufacturer’s protocol.","biotin","As per manufacturer (Affymetrix)","9606","As per manufacturer (Affymetrix)","Affymetrix Gene ChIP Scanner 3000","normal person","Data were processed using Partek software. Gene level expression were summarized from the corrected intensities and then quantile normalized.","probe group file: HuEx-1_0-st-v2.r2.pgf","meta-probeset file: HuEx-1_0-st-v2.r2.dt1.hg18.core.mps","GPL5175","Chien-Hua,,Peng","Chang Gung Memorial Hospital ","No. 5, Fu-Hsing ST.","Taoyuan","33305","Taiwan","ftp://ftp.ncbi.nlm.nih.gov/geo/samples/GSM616nnn/GSM616604/suppl/GSM616604.CEL.gz","17881","normal"
"GSM616605","OSCC tumor_1058T","GSM616605","Public on Sep 01 2011","Nov 03 2010","Sep 01 2011","RNA","1","OSCC  specimens","Homo sapiens","disease state: tumor","OSCC tissues were surgical dissected and immediately froze in liquid nitrogen until use","None","total RNA","Total RNA was isolated from tissue using the Qiagen RNeasy Mini Kit (Qiagen, Germantown, MD, USA) according to the manufacturer’s protocol.","biotin","As per manufacturer (Affymetrix)","9606","As per manufacturer (Affymetrix)","Affymetrix Gene ChIP Scanner 3000","patient with OSCC","Data were processed using Partek software. Gene level expression were summarized from the corrected intensities and then quantile normalized.","probe group file: HuEx-1_0-st-v2.r2.pgf","meta-probeset file: HuEx-1_0-st-v2.r2.dt1.hg18.core.mps","GPL5175","Chien-Hua,,Peng","Chang Gung Memorial Hospital ","No. 5, Fu-Hsing ST.","Taoyuan","33305","Taiwan","ftp://ftp.ncbi.nlm.nih.gov/geo/samples/GSM616nnn/GSM616605/suppl/GSM616605.CEL.gz","17881","tumor"
"GSM616606","OSCC tumor_1427T","GSM616606","Public on Sep 01 2011","Nov 03 2010","Sep 01 2011","RNA","1","OSCC  specimens","Homo sapiens","disease state: tumor","OSCC tissues were surgical dissected and immediately froze in liquid nitrogen until use","None","total RNA","Total RNA was isolated from tissue using the Qiagen RNeasy Mini Kit (Qiagen, Germantown, MD, USA) according to the manufacturer’s protocol.","biotin","As per manufacturer (Affymetrix)","9606","As per manufacturer (Affymetrix)","Affymetrix Gene ChIP Scanner 3000","patient with OSCC","Data were processed using Partek software. Gene level expression were summarized from the corrected intensities and then quantile normalized.","probe group file: HuEx-1_0-st-v2.r2.pgf","meta-probeset file: HuEx-1_0-st-v2.r2.dt1.hg18.core.mps","GPL5175","Chien-Hua,,Peng","Chang Gung Memorial Hospital ","No. 5, Fu-Hsing ST.","Taoyuan","33305","Taiwan","ftp://ftp.ncbi.nlm.nih.gov/geo/samples/GSM616nnn/GSM616606/suppl/GSM616606.CEL.gz","17881","tumor"
"GSM616607","OSCC tumor_1458T","GSM616607","Public on Sep 01 2011","Nov 03 2010","Sep 01 2011","RNA","1","OSCC  specimens","Homo sapiens","disease state: tumor","OSCC tissues were surgical dissected and immediately froze in liquid nitrogen until use","None","total RNA","Total RNA was isolated from tissue using the Qiagen RNeasy Mini Kit (Qiagen, Germantown, MD, USA) according to the manufacturer’s protocol.","biotin","As per manufacturer (Affymetrix)","9606","As per manufacturer (Affymetrix)","Affymetrix Gene ChIP Scanner 3000","patient with OSCC","Data were processed using Partek software. Gene level expression were summarized from the corrected intensities and then quantile normalized.","probe group file: HuEx-1_0-st-v2.r2.pgf","meta-probeset file: HuEx-1_0-st-v2.r2.dt1.hg18.core.mps","GPL5175","Chien-Hua,,Peng","Chang Gung Memorial Hospital ","No. 5, Fu-Hsing ST.","Taoyuan","33305","Taiwan","ftp://ftp.ncbi.nlm.nih.gov/geo/samples/GSM616nnn/GSM616607/suppl/GSM616607.CEL.gz","17881","tumor"
"GSM616608","OSCC tumor_2133T","GSM616608","Public on Sep 01 2011","Nov 03 2010","Sep 01 2011","RNA","1","OSCC  specimens","Homo sapiens","disease state: tumor","OSCC tissues were surgical dissected and immediately froze in liquid nitrogen until use","None","total RNA","Total RNA was isolated from tissue using the Qiagen RNeasy Mini Kit (Qiagen, Germantown, MD, USA) according to the manufacturer’s protocol.","biotin","As per manufacturer (Affymetrix)","9606","As per manufacturer (Affymetrix)","Affymetrix Gene ChIP Scanner 3000","patient with OSCC","Data were processed using Partek software. Gene level expression were summarized from the corrected intensities and then quantile normalized.","probe group file: HuEx-1_0-st-v2.r2.pgf","meta-probeset file: HuEx-1_0-st-v2.r2.dt1.hg18.core.mps","GPL5175","Chien-Hua,,Peng","Chang Gung Memorial Hospital ","No. 5, Fu-Hsing ST.","Taoyuan","33305","Taiwan","ftp://ftp.ncbi.nlm.nih.gov/geo/samples/GSM616nnn/GSM616608/suppl/GSM616608.CEL.gz","17881","tumor"
"GSM616609","OSCC tumor_2193T","GSM616609","Public on Sep 01 2011","Nov 03 2010","Sep 01 2011","RNA","1","OSCC  specimens","Homo sapiens","disease state: tumor","OSCC tissues were surgical dissected and immediately froze in liquid nitrogen until use","None","total RNA","Total RNA was isolated from tissue using the Qiagen RNeasy Mini Kit (Qiagen, Germantown, MD, USA) according to the manufacturer’s protocol.","biotin","As per manufacturer (Affymetrix)","9606","As per manufacturer (Affymetrix)","Affymetrix Gene ChIP Scanner 3000","patient with OSCC","Data were processed using Partek software. Gene level expression were summarized from the corrected intensities and then quantile normalized.","probe group file: HuEx-1_0-st-v2.r2.pgf","meta-probeset file: HuEx-1_0-st-v2.r2.dt1.hg18.core.mps","GPL5175","Chien-Hua,,Peng","Chang Gung Memorial Hospital ","No. 5, Fu-Hsing ST.","Taoyuan","33305","Taiwan","ftp://ftp.ncbi.nlm.nih.gov/geo/samples/GSM616nnn/GSM616609/suppl/GSM616609.CEL.gz","17881","tumor"
"GSM616610","OSCC tumor_2231T","GSM616610","Public on Sep 01 2011","Nov 03 2010","Sep 01 2011","RNA","1","OSCC  specimens","Homo sapiens","disease state: tumor","OSCC tissues were surgical dissected and immediately froze in liquid nitrogen until use","None","total RNA","Total RNA was isolated from tissue using the Qiagen RNeasy Mini Kit (Qiagen, Germantown, MD, USA) according to the manufacturer’s protocol.","biotin","As per manufacturer (Affymetrix)","9606","As per manufacturer (Affymetrix)","Affymetrix Gene ChIP Scanner 3000","patient with OSCC","Data were processed using Partek software. Gene level expression were summarized from the corrected intensities and then quantile normalized.","probe group file: HuEx-1_0-st-v2.r2.pgf","meta-probeset file: HuEx-1_0-st-v2.r2.dt1.hg18.core.mps","GPL5175","Chien-Hua,,Peng","Chang Gung Memorial Hospital ","No. 5, Fu-Hsing ST.","Taoyuan","33305","Taiwan","ftp://ftp.ncbi.nlm.nih.gov/geo/samples/GSM616nnn/GSM616610/suppl/GSM616610.CEL.gz","17881","tumor"
"GSM616611","OSCC tumor_2237T","GSM616611","Public on Sep 01 2011","Nov 03 2010","Sep 01 2011","RNA","1","OSCC  specimens","Homo sapiens","disease state: tumor","OSCC tissues were surgical dissected and immediately froze in liquid nitrogen until use","None","total RNA","Total RNA was isolated from tissue using the Qiagen RNeasy Mini Kit (Qiagen, Germantown, MD, USA) according to the manufacturer’s protocol.","biotin","As per manufacturer (Affymetrix)","9606","As per manufacturer (Affymetrix)","Affymetrix Gene ChIP Scanner 3000","patient with OSCC","Data were processed using Partek software. Gene level expression were summarized from the corrected intensities and then quantile normalized.","probe group file: HuEx-1_0-st-v2.r2.pgf","meta-probeset file: HuEx-1_0-st-v2.r2.dt1.hg18.core.mps","GPL5175","Chien-Hua,,Peng","Chang Gung Memorial Hospital ","No. 5, Fu-Hsing ST.","Taoyuan","33305","Taiwan","ftp://ftp.ncbi.nlm.nih.gov/geo/samples/GSM616nnn/GSM616611/suppl/GSM616611.CEL.gz","17881","tumor"
"GSM616612","OSCC tumor_2266T","GSM616612","Public on Sep 01 2011","Nov 03 2010","Sep 01 2011","RNA","1","OSCC  specimens","Homo sapiens","disease state: tumor","OSCC tissues were surgical dissected and immediately froze in liquid nitrogen until use","None","total RNA","Total RNA was isolated from tissue using the Qiagen RNeasy Mini Kit (Qiagen, Germantown, MD, USA) according to the manufacturer’s protocol.","biotin","As per manufacturer (Affymetrix)","9606","As per manufacturer (Affymetrix)","Affymetrix Gene ChIP Scanner 3000","patient with OSCC","Data were processed using Partek software. Gene level expression were summarized from the corrected intensities and then quantile normalized.","probe group file: HuEx-1_0-st-v2.r2.pgf","meta-probeset file: HuEx-1_0-st-v2.r2.dt1.hg18.core.mps","GPL5175","Chien-Hua,,Peng","Chang Gung Memorial Hospital ","No. 5, Fu-Hsing ST.","Taoyuan","33305","Taiwan","ftp://ftp.ncbi.nlm.nih.gov/geo/samples/GSM616nnn/GSM616612/suppl/GSM616612.CEL.gz","17881","tumor"
"GSM616613","OSCC tumor_2309T","GSM616613","Public on Sep 01 2011","Nov 03 2010","Sep 01 2011","RNA","1","OSCC  specimens","Homo sapiens","disease state: tumor","OSCC tissues were surgical dissected and immediately froze in liquid nitrogen until use","None","total RNA","Total RNA was isolated from tissue using the Qiagen RNeasy Mini Kit (Qiagen, Germantown, MD, USA) according to the manufacturer’s protocol.","biotin","As per manufacturer (Affymetrix)","9606","As per manufacturer (Affymetrix)","Affymetrix Gene ChIP Scanner 3000","patient with OSCC","Data were processed using Partek software. Gene level expression were summarized from the corrected intensities and then quantile normalized.","probe group file: HuEx-1_0-st-v2.r2.pgf","meta-probeset file: HuEx-1_0-st-v2.r2.dt1.hg18.core.mps","GPL5175","Chien-Hua,,Peng","Chang Gung Memorial Hospital ","No. 5, Fu-Hsing ST.","Taoyuan","33305","Taiwan","ftp://ftp.ncbi.nlm.nih.gov/geo/samples/GSM616nnn/GSM616613/suppl/GSM616613.CEL.gz","17881","tumor"
"GSM616614","OSCC tumor_2328T","GSM616614","Public on Sep 01 2011","Nov 03 2010","Sep 01 2011","RNA","1","OSCC  specimens","Homo sapiens","disease state: tumor","OSCC tissues were surgical dissected and immediately froze in liquid nitrogen until use","None","total RNA","Total RNA was isolated from tissue using the Qiagen RNeasy Mini Kit (Qiagen, Germantown, MD, USA) according to the manufacturer’s protocol.","biotin","As per manufacturer (Affymetrix)","9606","As per manufacturer (Affymetrix)","Affymetrix Gene ChIP Scanner 3000","patient with OSCC","Data were processed using Partek software. Gene level expression were summarized from the corrected intensities and then quantile normalized.","probe group file: HuEx-1_0-st-v2.r2.pgf","meta-probeset file: HuEx-1_0-st-v2.r2.dt1.hg18.core.mps","GPL5175","Chien-Hua,,Peng","Chang Gung Memorial Hospital ","No. 5, Fu-Hsing ST.","Taoyuan","33305","Taiwan","ftp://ftp.ncbi.nlm.nih.gov/geo/samples/GSM616nnn/GSM616614/suppl/GSM616614.CEL.gz","17881","tumor"
"GSM616615","OSCC tumor_2332T","GSM616615","Public on Sep 01 2011","Nov 03 2010","Sep 01 2011","RNA","1","OSCC  specimens","Homo sapiens","disease state: tumor","OSCC tissues were surgical dissected and immediately froze in liquid nitrogen until use","None","total RNA","Total RNA was isolated from tissue using the Qiagen RNeasy Mini Kit (Qiagen, Germantown, MD, USA) according to the manufacturer’s protocol.","biotin","As per manufacturer (Affymetrix)","9606","As per manufacturer (Affymetrix)","Affymetrix Gene ChIP Scanner 3000","patient with OSCC","Data were processed using Partek software. Gene level expression were summarized from the corrected intensities and then quantile normalized.","probe group file: HuEx-1_0-st-v2.r2.pgf","meta-probeset file: HuEx-1_0-st-v2.r2.dt1.hg18.core.mps","GPL5175","Chien-Hua,,Peng","Chang Gung Memorial Hospital ","No. 5, Fu-Hsing ST.","Taoyuan","33305","Taiwan","ftp://ftp.ncbi.nlm.nih.gov/geo/samples/GSM616nnn/GSM616615/suppl/GSM616615.CEL.gz","17881","tumor"
"GSM616616","OSCC tumor_2341T","GSM616616","Public on Sep 01 2011","Nov 03 2010","Sep 01 2011","RNA","1","OSCC  specimens","Homo sapiens","disease state: tumor","OSCC tissues were surgical dissected and immediately froze in liquid nitrogen until use","None","total RNA","Total RNA was isolated from tissue using the Qiagen RNeasy Mini Kit (Qiagen, Germantown, MD, USA) according to the manufacturer’s protocol.","biotin","As per manufacturer (Affymetrix)","9606","As per manufacturer (Affymetrix)","Affymetrix Gene ChIP Scanner 3000","patient with OSCC","Data were processed using Partek software. Gene level expression were summarized from the corrected intensities and then quantile normalized.","probe group file: HuEx-1_0-st-v2.r2.pgf","meta-probeset file: HuEx-1_0-st-v2.r2.dt1.hg18.core.mps","GPL5175","Chien-Hua,,Peng","Chang Gung Memorial Hospital ","No. 5, Fu-Hsing ST.","Taoyuan","33305","Taiwan","ftp://ftp.ncbi.nlm.nih.gov/geo/samples/GSM616nnn/GSM616616/suppl/GSM616616.CEL.gz","17881","tumor"
"GSM616617","OSCC tumor_2343T","GSM616617","Public on Sep 01 2011","Nov 03 2010","Sep 01 2011","RNA","1","OSCC  specimens","Homo sapiens","disease state: tumor","OSCC tissues were surgical dissected and immediately froze in liquid nitrogen until use","None","total RNA","Total RNA was isolated from tissue using the Qiagen RNeasy Mini Kit (Qiagen, Germantown, MD, USA) according to the manufacturer’s protocol.","biotin","As per manufacturer (Affymetrix)","9606","As per manufacturer (Affymetrix)","Affymetrix Gene ChIP Scanner 3000","patient with OSCC","Data were processed using Partek software. Gene level expression were summarized from the corrected intensities and then quantile normalized.","probe group file: HuEx-1_0-st-v2.r2.pgf","meta-probeset file: HuEx-1_0-st-v2.r2.dt1.hg18.core.mps","GPL5175","Chien-Hua,,Peng","Chang Gung Memorial Hospital ","No. 5, Fu-Hsing ST.","Taoyuan","33305","Taiwan","ftp://ftp.ncbi.nlm.nih.gov/geo/samples/GSM616nnn/GSM616617/suppl/GSM616617.CEL.gz","17881","tumor"
"GSM616618","OSCC tumor_2378T","GSM616618","Public on Sep 01 2011","Nov 03 2010","Sep 01 2011","RNA","1","OSCC  specimens","Homo sapiens","disease state: tumor","OSCC tissues were surgical dissected and immediately froze in liquid nitrogen until use","None","total RNA","Total RNA was isolated from tissue using the Qiagen RNeasy Mini Kit (Qiagen, Germantown, MD, USA) according to the manufacturer’s protocol.","biotin","As per manufacturer (Affymetrix)","9606","As per manufacturer (Affymetrix)","Affymetrix Gene ChIP Scanner 3000","patient with OSCC","Data were processed using Partek software. Gene level expression were summarized from the corrected intensities and then quantile normalized.","probe group file: HuEx-1_0-st-v2.r2.pgf","meta-probeset file: HuEx-1_0-st-v2.r2.dt1.hg18.core.mps","GPL5175","Chien-Hua,,Peng","Chang Gung Memorial Hospital ","No. 5, Fu-Hsing ST.","Taoyuan","33305","Taiwan","ftp://ftp.ncbi.nlm.nih.gov/geo/samples/GSM616nnn/GSM616618/suppl/GSM616618.CEL.gz","17881","tumor"
"GSM616619","OSCC tumor_2403T","GSM616619","Public on Sep 01 2011","Nov 03 2010","Sep 01 2011","RNA","1","OSCC  specimens","Homo sapiens","disease state: tumor","OSCC tissues were surgical dissected and immediately froze in liquid nitrogen until use","None","total RNA","Total RNA was isolated from tissue using the Qiagen RNeasy Mini Kit (Qiagen, Germantown, MD, USA) according to the manufacturer’s protocol.","biotin","As per manufacturer (Affymetrix)","9606","As per manufacturer (Affymetrix)","Affymetrix Gene ChIP Scanner 3000","patient with OSCC","Data were processed using Partek software. Gene level expression were summarized from the corrected intensities and then quantile normalized.","probe group file: HuEx-1_0-st-v2.r2.pgf","meta-probeset file: HuEx-1_0-st-v2.r2.dt1.hg18.core.mps","GPL5175","Chien-Hua,,Peng","Chang Gung Memorial Hospital ","No. 5, Fu-Hsing ST.","Taoyuan","33305","Taiwan","ftp://ftp.ncbi.nlm.nih.gov/geo/samples/GSM616nnn/GSM616619/suppl/GSM616619.CEL.gz","17881","tumor"
"GSM616620","OSCC tumor_2442T","GSM616620","Public on Sep 01 2011","Nov 03 2010","Sep 01 2011","RNA","1","OSCC  specimens","Homo sapiens","disease state: tumor","OSCC tissues were surgical dissected and immediately froze in liquid nitrogen until use","None","total RNA","Total RNA was isolated from tissue using the Qiagen RNeasy Mini Kit (Qiagen, Germantown, MD, USA) according to the manufacturer’s protocol.","biotin","As per manufacturer (Affymetrix)","9606","As per manufacturer (Affymetrix)","Affymetrix Gene ChIP Scanner 3000","patient with OSCC","Data were processed using Partek software. Gene level expression were summarized from the corrected intensities and then quantile normalized.","probe group file: HuEx-1_0-st-v2.r2.pgf","meta-probeset file: HuEx-1_0-st-v2.r2.dt1.hg18.core.mps","GPL5175","Chien-Hua,,Peng","Chang Gung Memorial Hospital ","No. 5, Fu-Hsing ST.","Taoyuan","33305","Taiwan","ftp://ftp.ncbi.nlm.nih.gov/geo/samples/GSM616nnn/GSM616620/suppl/GSM616620.CEL.gz","17881","tumor"
"GSM616621","OSCC tumor_2449T","GSM616621","Public on Sep 01 2011","Nov 03 2010","Sep 01 2011","RNA","1","OSCC  specimens","Homo sapiens","disease state: tumor","OSCC tissues were surgical dissected and immediately froze in liquid nitrogen until use","None","total RNA","Total RNA was isolated from tissue using the Qiagen RNeasy Mini Kit (Qiagen, Germantown, MD, USA) according to the manufacturer’s protocol.","biotin","As per manufacturer (Affymetrix)","9606","As per manufacturer (Affymetrix)","Affymetrix Gene ChIP Scanner 3000","patient with OSCC","Data were processed using Partek software. Gene level expression were summarized from the corrected intensities and then quantile normalized.","probe group file: HuEx-1_0-st-v2.r2.pgf","meta-probeset file: HuEx-1_0-st-v2.r2.dt1.hg18.core.mps","GPL5175","Chien-Hua,,Peng","Chang Gung Memorial Hospital ","No. 5, Fu-Hsing ST.","Taoyuan","33305","Taiwan","ftp://ftp.ncbi.nlm.nih.gov/geo/samples/GSM616nnn/GSM616621/suppl/GSM616621.CEL.gz","17881","tumor"
"GSM616622","OSCC tumor_2451T","GSM616622","Public on Sep 01 2011","Nov 03 2010","Sep 01 2011","RNA","1","OSCC  specimens","Homo sapiens","disease state: tumor","OSCC tissues were surgical dissected and immediately froze in liquid nitrogen until use","None","total RNA","Total RNA was isolated from tissue using the Qiagen RNeasy Mini Kit (Qiagen, Germantown, MD, USA) according to the manufacturer’s protocol.","biotin","As per manufacturer (Affymetrix)","9606","As per manufacturer (Affymetrix)","Affymetrix Gene ChIP Scanner 3000","patient with OSCC","Data were processed using Partek software. Gene level expression were summarized from the corrected intensities and then quantile normalized.","probe group file: HuEx-1_0-st-v2.r2.pgf","meta-probeset file: HuEx-1_0-st-v2.r2.dt1.hg18.core.mps","GPL5175","Chien-Hua,,Peng","Chang Gung Memorial Hospital ","No. 5, Fu-Hsing ST.","Taoyuan","33305","Taiwan","ftp://ftp.ncbi.nlm.nih.gov/geo/samples/GSM616nnn/GSM616622/suppl/GSM616622.CEL.gz","17881","tumor"
"GSM616623","OSCC tumor_2461T","GSM616623","Public on Sep 01 2011","Nov 03 2010","Sep 01 2011","RNA","1","OSCC  specimens","Homo sapiens","disease state: tumor","OSCC tissues were surgical dissected and immediately froze in liquid nitrogen until use","None","total RNA","Total RNA was isolated from tissue using the Qiagen RNeasy Mini Kit (Qiagen, Germantown, MD, USA) according to the manufacturer’s protocol.","biotin","As per manufacturer (Affymetrix)","9606","As per manufacturer (Affymetrix)","Affymetrix Gene ChIP Scanner 3000","patient with OSCC","Data were processed using Partek software. Gene level expression were summarized from the corrected intensities and then quantile normalized.","probe group file: HuEx-1_0-st-v2.r2.pgf","meta-probeset file: HuEx-1_0-st-v2.r2.dt1.hg18.core.mps","GPL5175","Chien-Hua,,Peng","Chang Gung Memorial Hospital ","No. 5, Fu-Hsing ST.","Taoyuan","33305","Taiwan","ftp://ftp.ncbi.nlm.nih.gov/geo/samples/GSM616nnn/GSM616623/suppl/GSM616623.CEL.gz","17881","tumor"
"GSM616624","OSCC tumor_2470T","GSM616624","Public on Sep 01 2011","Nov 03 2010","Sep 01 2011","RNA","1","OSCC  specimens","Homo sapiens","disease state: tumor","OSCC tissues were surgical dissected and immediately froze in liquid nitrogen until use","None","total RNA","Total RNA was isolated from tissue using the Qiagen RNeasy Mini Kit (Qiagen, Germantown, MD, USA) according to the manufacturer’s protocol.","biotin","As per manufacturer (Affymetrix)","9606","As per manufacturer (Affymetrix)","Affymetrix Gene ChIP Scanner 3000","patient with OSCC","Data were processed using Partek software. Gene level expression were summarized from the corrected intensities and then quantile normalized.","probe group file: HuEx-1_0-st-v2.r2.pgf","meta-probeset file: HuEx-1_0-st-v2.r2.dt1.hg18.core.mps","GPL5175","Chien-Hua,,Peng","Chang Gung Memorial Hospital ","No. 5, Fu-Hsing ST.","Taoyuan","33305","Taiwan","ftp://ftp.ncbi.nlm.nih.gov/geo/samples/GSM616nnn/GSM616624/suppl/GSM616624.CEL.gz","17881","tumor"
"GSM616625","OSCC tumor_3076T","GSM616625","Public on Sep 01 2011","Nov 03 2010","Sep 01 2011","RNA","1","OSCC  specimens","Homo sapiens","disease state: tumor","OSCC tissues were surgical dissected and immediately froze in liquid nitrogen until use","None","total RNA","Total RNA was isolated from tissue using the Qiagen RNeasy Mini Kit (Qiagen, Germantown, MD, USA) according to the manufacturer’s protocol.","biotin","As per manufacturer (Affymetrix)","9606","As per manufacturer (Affymetrix)","Affymetrix Gene ChIP Scanner 3000","patient with OSCC","Data were processed using Partek software. Gene level expression were summarized from the corrected intensities and then quantile normalized.","probe group file: HuEx-1_0-st-v2.r2.pgf","meta-probeset file: HuEx-1_0-st-v2.r2.dt1.hg18.core.mps","GPL5175","Chien-Hua,,Peng","Chang Gung Memorial Hospital ","No. 5, Fu-Hsing ST.","Taoyuan","33305","Taiwan","ftp://ftp.ncbi.nlm.nih.gov/geo/samples/GSM616nnn/GSM616625/suppl/GSM616625.CEL.gz","17881","tumor"
"GSM616626","OSCC tumor_3084T","GSM616626","Public on Sep 01 2011","Nov 03 2010","Sep 01 2011","RNA","1","OSCC  specimens","Homo sapiens","disease state: tumor","OSCC tissues were surgical dissected and immediately froze in liquid nitrogen until use","None","total RNA","Total RNA was isolated from tissue using the Qiagen RNeasy Mini Kit (Qiagen, Germantown, MD, USA) according to the manufacturer’s protocol.","biotin","As per manufacturer (Affymetrix)","9606","As per manufacturer (Affymetrix)","Affymetrix Gene ChIP Scanner 3000","patient with OSCC","Data were processed using Partek software. Gene level expression were summarized from the corrected intensities and then quantile normalized.","probe group file: HuEx-1_0-st-v2.r2.pgf","meta-probeset file: HuEx-1_0-st-v2.r2.dt1.hg18.core.mps","GPL5175","Chien-Hua,,Peng","Chang Gung Memorial Hospital ","No. 5, Fu-Hsing ST.","Taoyuan","33305","Taiwan","ftp://ftp.ncbi.nlm.nih.gov/geo/samples/GSM616nnn/GSM616626/suppl/GSM616626.CEL.gz","17881","tumor"
"GSM616627","OSCC tumor_3086T","GSM616627","Public on Sep 01 2011","Nov 03 2010","Sep 01 2011","RNA","1","OSCC  specimens","Homo sapiens","disease state: tumor","OSCC tissues were surgical dissected and immediately froze in liquid nitrogen until use","None","total RNA","Total RNA was isolated from tissue using the Qiagen RNeasy Mini Kit (Qiagen, Germantown, MD, USA) according to the manufacturer’s protocol.","biotin","As per manufacturer (Affymetrix)","9606","As per manufacturer (Affymetrix)","Affymetrix Gene ChIP Scanner 3000","patient with OSCC","Data were processed using Partek software. Gene level expression were summarized from the corrected intensities and then quantile normalized.","probe group file: HuEx-1_0-st-v2.r2.pgf","meta-probeset file: HuEx-1_0-st-v2.r2.dt1.hg18.core.mps","GPL5175","Chien-Hua,,Peng","Chang Gung Memorial Hospital ","No. 5, Fu-Hsing ST.","Taoyuan","33305","Taiwan","ftp://ftp.ncbi.nlm.nih.gov/geo/samples/GSM616nnn/GSM616627/suppl/GSM616627.CEL.gz","17881","tumor"
"GSM616628","OSCC tumor_3100T","GSM616628","Public on Sep 01 2011","Nov 03 2010","Sep 01 2011","RNA","1","OSCC  specimens","Homo sapiens","disease state: tumor","OSCC tissues were surgical dissected and immediately froze in liquid nitrogen until use","None","total RNA","Total RNA was isolated from tissue using the Qiagen RNeasy Mini Kit (Qiagen, Germantown, MD, USA) according to the manufacturer’s protocol.","biotin","As per manufacturer (Affymetrix)","9606","As per manufacturer (Affymetrix)","Affymetrix Gene ChIP Scanner 3000","patient with OSCC","Data were processed using Partek software. Gene level expression were summarized from the corrected intensities and then quantile normalized.","probe group file: HuEx-1_0-st-v2.r2.pgf","meta-probeset file: HuEx-1_0-st-v2.r2.dt1.hg18.core.mps","GPL5175","Chien-Hua,,Peng","Chang Gung Memorial Hospital ","No. 5, Fu-Hsing ST.","Taoyuan","33305","Taiwan","ftp://ftp.ncbi.nlm.nih.gov/geo/samples/GSM616nnn/GSM616628/suppl/GSM616628.CEL.gz","17881","tumor"
"GSM616629","OSCC tumor_3115T","GSM616629","Public on Sep 01 2011","Nov 03 2010","Sep 01 2011","RNA","1","OSCC  specimens","Homo sapiens","disease state: tumor","OSCC tissues were surgical dissected and immediately froze in liquid nitrogen until use","None","total RNA","Total RNA was isolated from tissue using the Qiagen RNeasy Mini Kit (Qiagen, Germantown, MD, USA) according to the manufacturer’s protocol.","biotin","As per manufacturer (Affymetrix)","9606","As per manufacturer (Affymetrix)","Affymetrix Gene ChIP Scanner 3000","patient with OSCC","Data were processed using Partek software. Gene level expression were summarized from the corrected intensities and then quantile normalized.","probe group file: HuEx-1_0-st-v2.r2.pgf","meta-probeset file: HuEx-1_0-st-v2.r2.dt1.hg18.core.mps","GPL5175","Chien-Hua,,Peng","Chang Gung Memorial Hospital ","No. 5, Fu-Hsing ST.","Taoyuan","33305","Taiwan","ftp://ftp.ncbi.nlm.nih.gov/geo/samples/GSM616nnn/GSM616629/suppl/GSM616629.CEL.gz","17881","tumor"
"GSM616630","OSCC tumor_3116T","GSM616630","Public on Sep 01 2011","Nov 03 2010","Sep 01 2011","RNA","1","OSCC  specimens","Homo sapiens","disease state: tumor","OSCC tissues were surgical dissected and immediately froze in liquid nitrogen until use","None","total RNA","Total RNA was isolated from tissue using the Qiagen RNeasy Mini Kit (Qiagen, Germantown, MD, USA) according to the manufacturer’s protocol.","biotin","As per manufacturer (Affymetrix)","9606","As per manufacturer (Affymetrix)","Affymetrix Gene ChIP Scanner 3000","patient with OSCC","Data were processed using Partek software. Gene level expression were summarized from the corrected intensities and then quantile normalized.","probe group file: HuEx-1_0-st-v2.r2.pgf","meta-probeset file: HuEx-1_0-st-v2.r2.dt1.hg18.core.mps","GPL5175","Chien-Hua,,Peng","Chang Gung Memorial Hospital ","No. 5, Fu-Hsing ST.","Taoyuan","33305","Taiwan","ftp://ftp.ncbi.nlm.nih.gov/geo/samples/GSM616nnn/GSM616630/suppl/GSM616630.CEL.gz","17881","tumor"
"GSM616631","OSCC tumor_3149T","GSM616631","Public on Sep 01 2011","Nov 03 2010","Sep 01 2011","RNA","1","OSCC  specimens","Homo sapiens","disease state: tumor","OSCC tissues were surgical dissected and immediately froze in liquid nitrogen until use","None","total RNA","Total RNA was isolated from tissue using the Qiagen RNeasy Mini Kit (Qiagen, Germantown, MD, USA) according to the manufacturer’s protocol.","biotin","As per manufacturer (Affymetrix)","9606","As per manufacturer (Affymetrix)","Affymetrix Gene ChIP Scanner 3000","patient with OSCC","Data were processed using Partek software. Gene level expression were summarized from the corrected intensities and then quantile normalized.","probe group file: HuEx-1_0-st-v2.r2.pgf","meta-probeset file: HuEx-1_0-st-v2.r2.dt1.hg18.core.mps","GPL5175","Chien-Hua,,Peng","Chang Gung Memorial Hospital ","No. 5, Fu-Hsing ST.","Taoyuan","33305","Taiwan","ftp://ftp.ncbi.nlm.nih.gov/geo/samples/GSM616nnn/GSM616631/suppl/GSM616631.CEL.gz","17881","tumor"
"GSM616632","OSCC tumor_3157T","GSM616632","Public on Sep 01 2011","Nov 03 2010","Sep 01 2011","RNA","1","OSCC  specimens","Homo sapiens","disease state: tumor","OSCC tissues were surgical dissected and immediately froze in liquid nitrogen until use","None","total RNA","Total RNA was isolated from tissue using the Qiagen RNeasy Mini Kit (Qiagen, Germantown, MD, USA) according to the manufacturer’s protocol.","biotin","As per manufacturer (Affymetrix)","9606","As per manufacturer (Affymetrix)","Affymetrix Gene ChIP Scanner 3000","patient with OSCC","Data were processed using Partek software. Gene level expression were summarized from the corrected intensities and then quantile normalized.","probe group file: HuEx-1_0-st-v2.r2.pgf","meta-probeset file: HuEx-1_0-st-v2.r2.dt1.hg18.core.mps","GPL5175","Chien-Hua,,Peng","Chang Gung Memorial Hospital ","No. 5, Fu-Hsing ST.","Taoyuan","33305","Taiwan","ftp://ftp.ncbi.nlm.nih.gov/geo/samples/GSM616nnn/GSM616632/suppl/GSM616632.CEL.gz","17881","tumor"
"GSM616633","OSCC tumor_3191T","GSM616633","Public on Sep 01 2011","Nov 03 2010","Sep 01 2011","RNA","1","OSCC  specimens","Homo sapiens","disease state: tumor","OSCC tissues were surgical dissected and immediately froze in liquid nitrogen until use","None","total RNA","Total RNA was isolated from tissue using the Qiagen RNeasy Mini Kit (Qiagen, Germantown, MD, USA) according to the manufacturer’s protocol.","biotin","As per manufacturer (Affymetrix)","9606","As per manufacturer (Affymetrix)","Affymetrix Gene ChIP Scanner 3000","patient with OSCC","Data were processed using Partek software. Gene level expression were summarized from the corrected intensities and then quantile normalized.","probe group file: HuEx-1_0-st-v2.r2.pgf","meta-probeset file: HuEx-1_0-st-v2.r2.dt1.hg18.core.mps","GPL5175","Chien-Hua,,Peng","Chang Gung Memorial Hospital ","No. 5, Fu-Hsing ST.","Taoyuan","33305","Taiwan","ftp://ftp.ncbi.nlm.nih.gov/geo/samples/GSM616nnn/GSM616633/suppl/GSM616633.CEL.gz","17881","tumor"
"GSM616634","OSCC tumor_3234T","GSM616634","Public on Sep 01 2011","Nov 03 2010","Sep 01 2011","RNA","1","OSCC  specimens","Homo sapiens","disease state: tumor","OSCC tissues were surgical dissected and immediately froze in liquid nitrogen until use","None","total RNA","Total RNA was isolated from tissue using the Qiagen RNeasy Mini Kit (Qiagen, Germantown, MD, USA) according to the manufacturer’s protocol.","biotin","As per manufacturer (Affymetrix)","9606","As per manufacturer (Affymetrix)","Affymetrix Gene ChIP Scanner 3000","patient with OSCC","Data were processed using Partek software. Gene level expression were summarized from the corrected intensities and then quantile normalized.","probe group file: HuEx-1_0-st-v2.r2.pgf","meta-probeset file: HuEx-1_0-st-v2.r2.dt1.hg18.core.mps","GPL5175","Chien-Hua,,Peng","Chang Gung Memorial Hospital ","No. 5, Fu-Hsing ST.","Taoyuan","33305","Taiwan","ftp://ftp.ncbi.nlm.nih.gov/geo/samples/GSM616nnn/GSM616634/suppl/GSM616634.CEL.gz","17881","tumor"
"GSM616635","OSCC tumor_3243T","GSM616635","Public on Sep 01 2011","Nov 03 2010","Sep 01 2011","RNA","1","OSCC  specimens","Homo sapiens","disease state: tumor","OSCC tissues were surgical dissected and immediately froze in liquid nitrogen until use","None","total RNA","Total RNA was isolated from tissue using the Qiagen RNeasy Mini Kit (Qiagen, Germantown, MD, USA) according to the manufacturer’s protocol.","biotin","As per manufacturer (Affymetrix)","9606","As per manufacturer (Affymetrix)","Affymetrix Gene ChIP Scanner 3000","patient with OSCC","Data were processed using Partek software. Gene level expression were summarized from the corrected intensities and then quantile normalized.","probe group file: HuEx-1_0-st-v2.r2.pgf","meta-probeset file: HuEx-1_0-st-v2.r2.dt1.hg18.core.mps","GPL5175","Chien-Hua,,Peng","Chang Gung Memorial Hospital ","No. 5, Fu-Hsing ST.","Taoyuan","33305","Taiwan","ftp://ftp.ncbi.nlm.nih.gov/geo/samples/GSM616nnn/GSM616635/suppl/GSM616635.CEL.gz","17881","tumor"
"GSM616636","OSCC tumor_3244T","GSM616636","Public on Sep 01 2011","Nov 03 2010","Sep 01 2011","RNA","1","OSCC  specimens","Homo sapiens","disease state: tumor","OSCC tissues were surgical dissected and immediately froze in liquid nitrogen until use","None","total RNA","Total RNA was isolated from tissue using the Qiagen RNeasy Mini Kit (Qiagen, Germantown, MD, USA) according to the manufacturer’s protocol.","biotin","As per manufacturer (Affymetrix)","9606","As per manufacturer (Affymetrix)","Affymetrix Gene ChIP Scanner 3000","patient with OSCC","Data were processed using Partek software. Gene level expression were summarized from the corrected intensities and then quantile normalized.","probe group file: HuEx-1_0-st-v2.r2.pgf","meta-probeset file: HuEx-1_0-st-v2.r2.dt1.hg18.core.mps","GPL5175","Chien-Hua,,Peng","Chang Gung Memorial Hospital ","No. 5, Fu-Hsing ST.","Taoyuan","33305","Taiwan","ftp://ftp.ncbi.nlm.nih.gov/geo/samples/GSM616nnn/GSM616636/suppl/GSM616636.CEL.gz","17881","tumor"
"GSM616637","OSCC tumor_3246T","GSM616637","Public on Sep 01 2011","Nov 03 2010","Sep 01 2011","RNA","1","OSCC  specimens","Homo sapiens","disease state: tumor","OSCC tissues were surgical dissected and immediately froze in liquid nitrogen until use","None","total RNA","Total RNA was isolated from tissue using the Qiagen RNeasy Mini Kit (Qiagen, Germantown, MD, USA) according to the manufacturer’s protocol.","biotin","As per manufacturer (Affymetrix)","9606","As per manufacturer (Affymetrix)","Affymetrix Gene ChIP Scanner 3000","patient with OSCC","Data were processed using Partek software. Gene level expression were summarized from the corrected intensities and then quantile normalized.","probe group file: HuEx-1_0-st-v2.r2.pgf","meta-probeset file: HuEx-1_0-st-v2.r2.dt1.hg18.core.mps","GPL5175","Chien-Hua,,Peng","Chang Gung Memorial Hospital ","No. 5, Fu-Hsing ST.","Taoyuan","33305","Taiwan","ftp://ftp.ncbi.nlm.nih.gov/geo/samples/GSM616nnn/GSM616637/suppl/GSM616637.CEL.gz","17881","tumor"
"GSM616638","OSCC tumor_3265T","GSM616638","Public on Sep 01 2011","Nov 03 2010","Sep 01 2011","RNA","1","OSCC  specimens","Homo sapiens","disease state: tumor","OSCC tissues were surgical dissected and immediately froze in liquid nitrogen until use","None","total RNA","Total RNA was isolated from tissue using the Qiagen RNeasy Mini Kit (Qiagen, Germantown, MD, USA) according to the manufacturer’s protocol.","biotin","As per manufacturer (Affymetrix)","9606","As per manufacturer (Affymetrix)","Affymetrix Gene ChIP Scanner 3000","patient with OSCC","Data were processed using Partek software. Gene level expression were summarized from the corrected intensities and then quantile normalized.","probe group file: HuEx-1_0-st-v2.r2.pgf","meta-probeset file: HuEx-1_0-st-v2.r2.dt1.hg18.core.mps","GPL5175","Chien-Hua,,Peng","Chang Gung Memorial Hospital ","No. 5, Fu-Hsing ST.","Taoyuan","33305","Taiwan","ftp://ftp.ncbi.nlm.nih.gov/geo/samples/GSM616nnn/GSM616638/suppl/GSM616638.CEL.gz","17881","tumor"
"GSM616639","OSCC tumor_3268T","GSM616639","Public on Sep 01 2011","Nov 03 2010","Sep 01 2011","RNA","1","OSCC  specimens","Homo sapiens","disease state: tumor","OSCC tissues were surgical dissected and immediately froze in liquid nitrogen until use","None","total RNA","Total RNA was isolated from tissue using the Qiagen RNeasy Mini Kit (Qiagen, Germantown, MD, USA) according to the manufacturer’s protocol.","biotin","As per manufacturer (Affymetrix)","9606","As per manufacturer (Affymetrix)","Affymetrix Gene ChIP Scanner 3000","patient with OSCC","Data were processed using Partek software. Gene level expression were summarized from the corrected intensities and then quantile normalized.","probe group file: HuEx-1_0-st-v2.r2.pgf","meta-probeset file: HuEx-1_0-st-v2.r2.dt1.hg18.core.mps","GPL5175","Chien-Hua,,Peng","Chang Gung Memorial Hospital ","No. 5, Fu-Hsing ST.","Taoyuan","33305","Taiwan","ftp://ftp.ncbi.nlm.nih.gov/geo/samples/GSM616nnn/GSM616639/suppl/GSM616639.CEL.gz","17881","tumor"
"GSM616640","OSCC tumor_3272T","GSM616640","Public on Sep 01 2011","Nov 03 2010","Sep 01 2011","RNA","1","OSCC  specimens","Homo sapiens","disease state: tumor","OSCC tissues were surgical dissected and immediately froze in liquid nitrogen until use","None","total RNA","Total RNA was isolated from tissue using the Qiagen RNeasy Mini Kit (Qiagen, Germantown, MD, USA) according to the manufacturer’s protocol.","biotin","As per manufacturer (Affymetrix)","9606","As per manufacturer (Affymetrix)","Affymetrix Gene ChIP Scanner 3000","patient with OSCC","Data were processed using Partek software. Gene level expression were summarized from the corrected intensities and then quantile normalized.","probe group file: HuEx-1_0-st-v2.r2.pgf","meta-probeset file: HuEx-1_0-st-v2.r2.dt1.hg18.core.mps","GPL5175","Chien-Hua,,Peng","Chang Gung Memorial Hospital ","No. 5, Fu-Hsing ST.","Taoyuan","33305","Taiwan","ftp://ftp.ncbi.nlm.nih.gov/geo/samples/GSM616nnn/GSM616640/suppl/GSM616640.CEL.gz","17881","tumor"
"GSM616641","OSCC tumor_3282T","GSM616641","Public on Sep 01 2011","Nov 03 2010","Sep 01 2011","RNA","1","OSCC  specimens","Homo sapiens","disease state: tumor","OSCC tissues were surgical dissected and immediately froze in liquid nitrogen until use","None","total RNA","Total RNA was isolated from tissue using the Qiagen RNeasy Mini Kit (Qiagen, Germantown, MD, USA) according to the manufacturer’s protocol.","biotin","As per manufacturer (Affymetrix)","9606","As per manufacturer (Affymetrix)","Affymetrix Gene ChIP Scanner 3000","patient with OSCC","Data were processed using Partek software. Gene level expression were summarized from the corrected intensities and then quantile normalized.","probe group file: HuEx-1_0-st-v2.r2.pgf","meta-probeset file: HuEx-1_0-st-v2.r2.dt1.hg18.core.mps","GPL5175","Chien-Hua,,Peng","Chang Gung Memorial Hospital ","No. 5, Fu-Hsing ST.","Taoyuan","33305","Taiwan","ftp://ftp.ncbi.nlm.nih.gov/geo/samples/GSM616nnn/GSM616641/suppl/GSM616641.CEL.gz","17881","tumor"
"GSM616642","OSCC tumor_3283T","GSM616642","Public on Sep 01 2011","Nov 03 2010","Sep 01 2011","RNA","1","OSCC  specimens","Homo sapiens","disease state: tumor","OSCC tissues were surgical dissected and immediately froze in liquid nitrogen until use","None","total RNA","Total RNA was isolated from tissue using the Qiagen RNeasy Mini Kit (Qiagen, Germantown, MD, USA) according to the manufacturer’s protocol.","biotin","As per manufacturer (Affymetrix)","9606","As per manufacturer (Affymetrix)","Affymetrix Gene ChIP Scanner 3000","patient with OSCC","Data were processed using Partek software. Gene level expression were summarized from the corrected intensities and then quantile normalized.","probe group file: HuEx-1_0-st-v2.r2.pgf","meta-probeset file: HuEx-1_0-st-v2.r2.dt1.hg18.core.mps","GPL5175","Chien-Hua,,Peng","Chang Gung Memorial Hospital ","No. 5, Fu-Hsing ST.","Taoyuan","33305","Taiwan","ftp://ftp.ncbi.nlm.nih.gov/geo/samples/GSM616nnn/GSM616642/suppl/GSM616642.CEL.gz","17881","tumor"
"GSM616643","OSCC tumor_3294T","GSM616643","Public on Sep 01 2011","Nov 03 2010","Sep 01 2011","RNA","1","OSCC  specimens","Homo sapiens","disease state: tumor","OSCC tissues were surgical dissected and immediately froze in liquid nitrogen until use","None","total RNA","Total RNA was isolated from tissue using the Qiagen RNeasy Mini Kit (Qiagen, Germantown, MD, USA) according to the manufacturer’s protocol.","biotin","As per manufacturer (Affymetrix)","9606","As per manufacturer (Affymetrix)","Affymetrix Gene ChIP Scanner 3000","patient with OSCC","Data were processed using Partek software. Gene level expression were summarized from the corrected intensities and then quantile normalized.","probe group file: HuEx-1_0-st-v2.r2.pgf","meta-probeset file: HuEx-1_0-st-v2.r2.dt1.hg18.core.mps","GPL5175","Chien-Hua,,Peng","Chang Gung Memorial Hospital ","No. 5, Fu-Hsing ST.","Taoyuan","33305","Taiwan","ftp://ftp.ncbi.nlm.nih.gov/geo/samples/GSM616nnn/GSM616643/suppl/GSM616643.CEL.gz","17881","tumor"
"GSM616644","OSCC tumor_3306T","GSM616644","Public on Sep 01 2011","Nov 03 2010","Sep 01 2011","RNA","1","OSCC  specimens","Homo sapiens","disease state: tumor","OSCC tissues were surgical dissected and immediately froze in liquid nitrogen until use","None","total RNA","Total RNA was isolated from tissue using the Qiagen RNeasy Mini Kit (Qiagen, Germantown, MD, USA) according to the manufacturer’s protocol.","biotin","As per manufacturer (Affymetrix)","9606","As per manufacturer (Affymetrix)","Affymetrix Gene ChIP Scanner 3000","patient with OSCC","Data were processed using Partek software. Gene level expression were summarized from the corrected intensities and then quantile normalized.","probe group file: HuEx-1_0-st-v2.r2.pgf","meta-probeset file: HuEx-1_0-st-v2.r2.dt1.hg18.core.mps","GPL5175","Chien-Hua,,Peng","Chang Gung Memorial Hospital ","No. 5, Fu-Hsing ST.","Taoyuan","33305","Taiwan","ftp://ftp.ncbi.nlm.nih.gov/geo/samples/GSM616nnn/GSM616644/suppl/GSM616644.CEL.gz","17881","tumor"
"GSM616645","OSCC tumor_3326T","GSM616645","Public on Sep 01 2011","Nov 03 2010","Sep 01 2011","RNA","1","OSCC  specimens","Homo sapiens","disease state: tumor","OSCC tissues were surgical dissected and immediately froze in liquid nitrogen until use","None","total RNA","Total RNA was isolated from tissue using the Qiagen RNeasy Mini Kit (Qiagen, Germantown, MD, USA) according to the manufacturer’s protocol.","biotin","As per manufacturer (Affymetrix)","9606","As per manufacturer (Affymetrix)","Affymetrix Gene ChIP Scanner 3000","patient with OSCC","Data were processed using Partek software. Gene level expression were summarized from the corrected intensities and then quantile normalized.","probe group file: HuEx-1_0-st-v2.r2.pgf","meta-probeset file: HuEx-1_0-st-v2.r2.dt1.hg18.core.mps","GPL5175","Chien-Hua,,Peng","Chang Gung Memorial Hospital ","No. 5, Fu-Hsing ST.","Taoyuan","33305","Taiwan","ftp://ftp.ncbi.nlm.nih.gov/geo/samples/GSM616nnn/GSM616645/suppl/GSM616645.CEL.gz","17881","tumor"
"GSM616646","OSCC tumor_3383T","GSM616646","Public on Sep 01 2011","Nov 03 2010","Sep 01 2011","RNA","1","OSCC  specimens","Homo sapiens","disease state: tumor","OSCC tissues were surgical dissected and immediately froze in liquid nitrogen until use","None","total RNA","Total RNA was isolated from tissue using the Qiagen RNeasy Mini Kit (Qiagen, Germantown, MD, USA) according to the manufacturer’s protocol.","biotin","As per manufacturer (Affymetrix)","9606","As per manufacturer (Affymetrix)","Affymetrix Gene ChIP Scanner 3000","patient with OSCC","Data were processed using Partek software. Gene level expression were summarized from the corrected intensities and then quantile normalized.","probe group file: HuEx-1_0-st-v2.r2.pgf","meta-probeset file: HuEx-1_0-st-v2.r2.dt1.hg18.core.mps","GPL5175","Chien-Hua,,Peng","Chang Gung Memorial Hospital ","No. 5, Fu-Hsing ST.","Taoyuan","33305","Taiwan","ftp://ftp.ncbi.nlm.nih.gov/geo/samples/GSM616nnn/GSM616646/suppl/GSM616646.CEL.gz","17881","tumor"
"GSM616647","OSCC tumor_4004T","GSM616647","Public on Sep 01 2011","Nov 03 2010","Sep 01 2011","RNA","1","OSCC  specimens","Homo sapiens","disease state: tumor","OSCC tissues were surgical dissected and immediately froze in liquid nitrogen until use","None","total RNA","Total RNA was isolated from tissue using the Qiagen RNeasy Mini Kit (Qiagen, Germantown, MD, USA) according to the manufacturer’s protocol.","biotin","As per manufacturer (Affymetrix)","9606","As per manufacturer (Affymetrix)","Affymetrix Gene ChIP Scanner 3000","patient with OSCC","Data were processed using Partek software. Gene level expression were summarized from the corrected intensities and then quantile normalized.","probe group file: HuEx-1_0-st-v2.r2.pgf","meta-probeset file: HuEx-1_0-st-v2.r2.dt1.hg18.core.mps","GPL5175","Chien-Hua,,Peng","Chang Gung Memorial Hospital ","No. 5, Fu-Hsing ST.","Taoyuan","33305","Taiwan","ftp://ftp.ncbi.nlm.nih.gov/geo/samples/GSM616nnn/GSM616647/suppl/GSM616647.CEL.gz","17881","tumor"
"GSM616648","OSCC tumor_4015T","GSM616648","Public on Sep 01 2011","Nov 03 2010","Sep 01 2011","RNA","1","OSCC  specimens","Homo sapiens","disease state: tumor","OSCC tissues were surgical dissected and immediately froze in liquid nitrogen until use","None","total RNA","Total RNA was isolated from tissue using the Qiagen RNeasy Mini Kit (Qiagen, Germantown, MD, USA) according to the manufacturer’s protocol.","biotin","As per manufacturer (Affymetrix)","9606","As per manufacturer (Affymetrix)","Affymetrix Gene ChIP Scanner 3000","patient with OSCC","Data were processed using Partek software. Gene level expression were summarized from the corrected intensities and then quantile normalized.","probe group file: HuEx-1_0-st-v2.r2.pgf","meta-probeset file: HuEx-1_0-st-v2.r2.dt1.hg18.core.mps","GPL5175","Chien-Hua,,Peng","Chang Gung Memorial Hospital ","No. 5, Fu-Hsing ST.","Taoyuan","33305","Taiwan","ftp://ftp.ncbi.nlm.nih.gov/geo/samples/GSM616nnn/GSM616648/suppl/GSM616648.CEL.gz","17881","tumor"
"GSM616649","OSCC tumor_4032T","GSM616649","Public on Sep 01 2011","Nov 03 2010","Sep 01 2011","RNA","1","OSCC  specimens","Homo sapiens","disease state: tumor","OSCC tissues were surgical dissected and immediately froze in liquid nitrogen until use","None","total RNA","Total RNA was isolated from tissue using the Qiagen RNeasy Mini Kit (Qiagen, Germantown, MD, USA) according to the manufacturer’s protocol.","biotin","As per manufacturer (Affymetrix)","9606","As per manufacturer (Affymetrix)","Affymetrix Gene ChIP Scanner 3000","patient with OSCC","Data were processed using Partek software. Gene level expression were summarized from the corrected intensities and then quantile normalized.","probe group file: HuEx-1_0-st-v2.r2.pgf","meta-probeset file: HuEx-1_0-st-v2.r2.dt1.hg18.core.mps","GPL5175","Chien-Hua,,Peng","Chang Gung Memorial Hospital ","No. 5, Fu-Hsing ST.","Taoyuan","33305","Taiwan","ftp://ftp.ncbi.nlm.nih.gov/geo/samples/GSM616nnn/GSM616649/suppl/GSM616649.CEL.gz","17881","tumor"
"GSM616650","OSCC tumor_4041T","GSM616650","Public on Sep 01 2011","Nov 03 2010","Sep 01 2011","RNA","1","OSCC  specimens","Homo sapiens","disease state: tumor","OSCC tissues were surgical dissected and immediately froze in liquid nitrogen until use","None","total RNA","Total RNA was isolated from tissue using the Qiagen RNeasy Mini Kit (Qiagen, Germantown, MD, USA) according to the manufacturer’s protocol.","biotin","As per manufacturer (Affymetrix)","9606","As per manufacturer (Affymetrix)","Affymetrix Gene ChIP Scanner 3000","patient with OSCC","Data were processed using Partek software. Gene level expression were summarized from the corrected intensities and then quantile normalized.","probe group file: HuEx-1_0-st-v2.r2.pgf","meta-probeset file: HuEx-1_0-st-v2.r2.dt1.hg18.core.mps","GPL5175","Chien-Hua,,Peng","Chang Gung Memorial Hospital ","No. 5, Fu-Hsing ST.","Taoyuan","33305","Taiwan","ftp://ftp.ncbi.nlm.nih.gov/geo/samples/GSM616nnn/GSM616650/suppl/GSM616650.CEL.gz","17881","tumor"
"GSM616651","OSCC tumor_4043T","GSM616651","Public on Sep 01 2011","Nov 03 2010","Sep 01 2011","RNA","1","OSCC  specimens","Homo sapiens","disease state: tumor","OSCC tissues were surgical dissected and immediately froze in liquid nitrogen until use","None","total RNA","Total RNA was isolated from tissue using the Qiagen RNeasy Mini Kit (Qiagen, Germantown, MD, USA) according to the manufacturer’s protocol.","biotin","As per manufacturer (Affymetrix)","9606","As per manufacturer (Affymetrix)","Affymetrix Gene ChIP Scanner 3000","patient with OSCC","Data were processed using Partek software. Gene level expression were summarized from the corrected intensities and then quantile normalized.","probe group file: HuEx-1_0-st-v2.r2.pgf","meta-probeset file: HuEx-1_0-st-v2.r2.dt1.hg18.core.mps","GPL5175","Chien-Hua,,Peng","Chang Gung Memorial Hospital ","No. 5, Fu-Hsing ST.","Taoyuan","33305","Taiwan","ftp://ftp.ncbi.nlm.nih.gov/geo/samples/GSM616nnn/GSM616651/suppl/GSM616651.CEL.gz","17881","tumor"
"GSM616652","OSCC tumor_4052T","GSM616652","Public on Sep 01 2011","Nov 03 2010","Sep 01 2011","RNA","1","OSCC  specimens","Homo sapiens","disease state: tumor","OSCC tissues were surgical dissected and immediately froze in liquid nitrogen until use","None","total RNA","Total RNA was isolated from tissue using the Qiagen RNeasy Mini Kit (Qiagen, Germantown, MD, USA) according to the manufacturer’s protocol.","biotin","As per manufacturer (Affymetrix)","9606","As per manufacturer (Affymetrix)","Affymetrix Gene ChIP Scanner 3000","patient with OSCC","Data were processed using Partek software. Gene level expression were summarized from the corrected intensities and then quantile normalized.","probe group file: HuEx-1_0-st-v2.r2.pgf","meta-probeset file: HuEx-1_0-st-v2.r2.dt1.hg18.core.mps","GPL5175","Chien-Hua,,Peng","Chang Gung Memorial Hospital ","No. 5, Fu-Hsing ST.","Taoyuan","33305","Taiwan","ftp://ftp.ncbi.nlm.nih.gov/geo/samples/GSM616nnn/GSM616652/suppl/GSM616652.CEL.gz","17881","tumor"
"GSM616653","OSCC tumor_4058T","GSM616653","Public on Sep 01 2011","Nov 03 2010","Sep 01 2011","RNA","1","OSCC  specimens","Homo sapiens","disease state: tumor","OSCC tissues were surgical dissected and immediately froze in liquid nitrogen until use","None","total RNA","Total RNA was isolated from tissue using the Qiagen RNeasy Mini Kit (Qiagen, Germantown, MD, USA) according to the manufacturer’s protocol.","biotin","As per manufacturer (Affymetrix)","9606","As per manufacturer (Affymetrix)","Affymetrix Gene ChIP Scanner 3000","patient with OSCC","Data were processed using Partek software. Gene level expression were summarized from the corrected intensities and then quantile normalized.","probe group file: HuEx-1_0-st-v2.r2.pgf","meta-probeset file: HuEx-1_0-st-v2.r2.dt1.hg18.core.mps","GPL5175","Chien-Hua,,Peng","Chang Gung Memorial Hospital ","No. 5, Fu-Hsing ST.","Taoyuan","33305","Taiwan","ftp://ftp.ncbi.nlm.nih.gov/geo/samples/GSM616nnn/GSM616653/suppl/GSM616653.CEL.gz","17881","tumor"
"GSM616654","OSCC tumor_4060T","GSM616654","Public on Sep 01 2011","Nov 03 2010","Sep 01 2011","RNA","1","OSCC  specimens","Homo sapiens","disease state: tumor","OSCC tissues were surgical dissected and immediately froze in liquid nitrogen until use","None","total RNA","Total RNA was isolated from tissue using the Qiagen RNeasy Mini Kit (Qiagen, Germantown, MD, USA) according to the manufacturer’s protocol.","biotin","As per manufacturer (Affymetrix)","9606","As per manufacturer (Affymetrix)","Affymetrix Gene ChIP Scanner 3000","patient with OSCC","Data were processed using Partek software. Gene level expression were summarized from the corrected intensities and then quantile normalized.","probe group file: HuEx-1_0-st-v2.r2.pgf","meta-probeset file: HuEx-1_0-st-v2.r2.dt1.hg18.core.mps","GPL5175","Chien-Hua,,Peng","Chang Gung Memorial Hospital ","No. 5, Fu-Hsing ST.","Taoyuan","33305","Taiwan","ftp://ftp.ncbi.nlm.nih.gov/geo/samples/GSM616nnn/GSM616654/suppl/GSM616654.CEL.gz","17881","tumor"
"GSM616655","OSCC tumor_4081T","GSM616655","Public on Sep 01 2011","Nov 03 2010","Sep 01 2011","RNA","1","OSCC  specimens","Homo sapiens","disease state: tumor","OSCC tissues were surgical dissected and immediately froze in liquid nitrogen until use","None","total RNA","Total RNA was isolated from tissue using the Qiagen RNeasy Mini Kit (Qiagen, Germantown, MD, USA) according to the manufacturer’s protocol.","biotin","As per manufacturer (Affymetrix)","9606","As per manufacturer (Affymetrix)","Affymetrix Gene ChIP Scanner 3000","patient with OSCC","Data were processed using Partek software. Gene level expression were summarized from the corrected intensities and then quantile normalized.","probe group file: HuEx-1_0-st-v2.r2.pgf","meta-probeset file: HuEx-1_0-st-v2.r2.dt1.hg18.core.mps","GPL5175","Chien-Hua,,Peng","Chang Gung Memorial Hospital ","No. 5, Fu-Hsing ST.","Taoyuan","33305","Taiwan","ftp://ftp.ncbi.nlm.nih.gov/geo/samples/GSM616nnn/GSM616655/suppl/GSM616655.CEL.gz","17881","tumor"
"GSM616656","OSCC tumor_4130T","GSM616656","Public on Sep 01 2011","Nov 03 2010","Sep 01 2011","RNA","1","OSCC  specimens","Homo sapiens","disease state: tumor","OSCC tissues were surgical dissected and immediately froze in liquid nitrogen until use","None","total RNA","Total RNA was isolated from tissue using the Qiagen RNeasy Mini Kit (Qiagen, Germantown, MD, USA) according to the manufacturer’s protocol.","biotin","As per manufacturer (Affymetrix)","9606","As per manufacturer (Affymetrix)","Affymetrix Gene ChIP Scanner 3000","patient with OSCC","Data were processed using Partek software. Gene level expression were summarized from the corrected intensities and then quantile normalized.","probe group file: HuEx-1_0-st-v2.r2.pgf","meta-probeset file: HuEx-1_0-st-v2.r2.dt1.hg18.core.mps","GPL5175","Chien-Hua,,Peng","Chang Gung Memorial Hospital ","No. 5, Fu-Hsing ST.","Taoyuan","33305","Taiwan","ftp://ftp.ncbi.nlm.nih.gov/geo/samples/GSM616nnn/GSM616656/suppl/GSM616656.CEL.gz","17881","tumor"
"GSM616657","OSCC tumor_4145T","GSM616657","Public on Sep 01 2011","Nov 03 2010","Sep 01 2011","RNA","1","OSCC  specimens","Homo sapiens","disease state: tumor","OSCC tissues were surgical dissected and immediately froze in liquid nitrogen until use","None","total RNA","Total RNA was isolated from tissue using the Qiagen RNeasy Mini Kit (Qiagen, Germantown, MD, USA) according to the manufacturer’s protocol.","biotin","As per manufacturer (Affymetrix)","9606","As per manufacturer (Affymetrix)","Affymetrix Gene ChIP Scanner 3000","patient with OSCC","Data were processed using Partek software. Gene level expression were summarized from the corrected intensities and then quantile normalized.","probe group file: HuEx-1_0-st-v2.r2.pgf","meta-probeset file: HuEx-1_0-st-v2.r2.dt1.hg18.core.mps","GPL5175","Chien-Hua,,Peng","Chang Gung Memorial Hospital ","No. 5, Fu-Hsing ST.","Taoyuan","33305","Taiwan","ftp://ftp.ncbi.nlm.nih.gov/geo/samples/GSM616nnn/GSM616657/suppl/GSM616657.CEL.gz","17881","tumor"
"GSM616658","OSCC tumor_4146T","GSM616658","Public on Sep 01 2011","Nov 03 2010","Sep 01 2011","RNA","1","OSCC  specimens","Homo sapiens","disease state: tumor","OSCC tissues were surgical dissected and immediately froze in liquid nitrogen until use","None","total RNA","Total RNA was isolated from tissue using the Qiagen RNeasy Mini Kit (Qiagen, Germantown, MD, USA) according to the manufacturer’s protocol.","biotin","As per manufacturer (Affymetrix)","9606","As per manufacturer (Affymetrix)","Affymetrix Gene ChIP Scanner 3000","patient with OSCC","Data were processed using Partek software. Gene level expression were summarized from the corrected intensities and then quantile normalized.","probe group file: HuEx-1_0-st-v2.r2.pgf","meta-probeset file: HuEx-1_0-st-v2.r2.dt1.hg18.core.mps","GPL5175","Chien-Hua,,Peng","Chang Gung Memorial Hospital ","No. 5, Fu-Hsing ST.","Taoyuan","33305","Taiwan","ftp://ftp.ncbi.nlm.nih.gov/geo/samples/GSM616nnn/GSM616658/suppl/GSM616658.CEL.gz","17881","tumor"
"GSM616659","OSCC tumor_4155T","GSM616659","Public on Sep 01 2011","Nov 03 2010","Sep 01 2011","RNA","1","OSCC  specimens","Homo sapiens","disease state: tumor","OSCC tissues were surgical dissected and immediately froze in liquid nitrogen until use","None","total RNA","Total RNA was isolated from tissue using the Qiagen RNeasy Mini Kit (Qiagen, Germantown, MD, USA) according to the manufacturer’s protocol.","biotin","As per manufacturer (Affymetrix)","9606","As per manufacturer (Affymetrix)","Affymetrix Gene ChIP Scanner 3000","patient with OSCC","Data were processed using Partek software. Gene level expression were summarized from the corrected intensities and then quantile normalized.","probe group file: HuEx-1_0-st-v2.r2.pgf","meta-probeset file: HuEx-1_0-st-v2.r2.dt1.hg18.core.mps","GPL5175","Chien-Hua,,Peng","Chang Gung Memorial Hospital ","No. 5, Fu-Hsing ST.","Taoyuan","33305","Taiwan","ftp://ftp.ncbi.nlm.nih.gov/geo/samples/GSM616nnn/GSM616659/suppl/GSM616659.CEL.gz","17881","tumor"
"GSM616660","OSCC tumor_4181T","GSM616660","Public on Sep 01 2011","Nov 03 2010","Sep 01 2011","RNA","1","OSCC  specimens","Homo sapiens","disease state: tumor","OSCC tissues were surgical dissected and immediately froze in liquid nitrogen until use","None","total RNA","Total RNA was isolated from tissue using the Qiagen RNeasy Mini Kit (Qiagen, Germantown, MD, USA) according to the manufacturer’s protocol.","biotin","As per manufacturer (Affymetrix)","9606","As per manufacturer (Affymetrix)","Affymetrix Gene ChIP Scanner 3000","patient with OSCC","Data were processed using Partek software. Gene level expression were summarized from the corrected intensities and then quantile normalized.","probe group file: HuEx-1_0-st-v2.r2.pgf","meta-probeset file: HuEx-1_0-st-v2.r2.dt1.hg18.core.mps","GPL5175","Chien-Hua,,Peng","Chang Gung Memorial Hospital ","No. 5, Fu-Hsing ST.","Taoyuan","33305","Taiwan","ftp://ftp.ncbi.nlm.nih.gov/geo/samples/GSM616nnn/GSM616660/suppl/GSM616660.CEL.gz","17881","tumor"
"GSM616661","OSCC tumor_4199T","GSM616661","Public on Sep 01 2011","Nov 03 2010","Sep 01 2011","RNA","1","OSCC  specimens","Homo sapiens","disease state: tumor","OSCC tissues were surgical dissected and immediately froze in liquid nitrogen until use","None","total RNA","Total RNA was isolated from tissue using the Qiagen RNeasy Mini Kit (Qiagen, Germantown, MD, USA) according to the manufacturer’s protocol.","biotin","As per manufacturer (Affymetrix)","9606","As per manufacturer (Affymetrix)","Affymetrix Gene ChIP Scanner 3000","patient with OSCC","Data were processed using Partek software. Gene level expression were summarized from the corrected intensities and then quantile normalized.","probe group file: HuEx-1_0-st-v2.r2.pgf","meta-probeset file: HuEx-1_0-st-v2.r2.dt1.hg18.core.mps","GPL5175","Chien-Hua,,Peng","Chang Gung Memorial Hospital ","No. 5, Fu-Hsing ST.","Taoyuan","33305","Taiwan","ftp://ftp.ncbi.nlm.nih.gov/geo/samples/GSM616nnn/GSM616661/suppl/GSM616661.CEL.gz","17881","tumor"
